/*
 Navicat Premium Data Transfer

 Source Server         : localhost
 Source Server Type    : MySQL
 Source Server Version : 50553
 Source Host           : 127.0.0.1:3306
 Source Schema         : job-center

 Target Server Type    : MySQL
 Target Server Version : 50553
 File Encoding         : 65001

 Date: 07/01/2021 16:37:28
*/

SET NAMES utf8mb4;
SET FOREIGN_KEY_CHECKS = 0;

-- ----------------------------
-- Table structure for xxl_job_qrtz_blob_triggers
-- ----------------------------
DROP TABLE IF EXISTS `xxl_job_qrtz_blob_triggers`;
CREATE TABLE `xxl_job_qrtz_blob_triggers`  (
  `sched_name` varchar(120) CHARACTER SET utf8 COLLATE utf8_general_ci NOT NULL,
  `trigger_name` varchar(200) CHARACTER SET utf8 COLLATE utf8_general_ci NOT NULL,
  `trigger_group` varchar(200) CHARACTER SET utf8 COLLATE utf8_general_ci NOT NULL,
  `blob_data` blob NULL,
  PRIMARY KEY (`sched_name`, `trigger_name`, `trigger_group`) USING BTREE,
  CONSTRAINT `xxl_job_qrtz_blob_triggers_ibfk_1` FOREIGN KEY (`sched_name`, `trigger_name`, `trigger_group`) REFERENCES `xxl_job_qrtz_triggers` (`sched_name`, `trigger_name`, `trigger_group`) ON DELETE RESTRICT ON UPDATE RESTRICT
) ENGINE = InnoDB CHARACTER SET = utf8 COLLATE = utf8_general_ci ROW_FORMAT = Compact;

-- ----------------------------
-- Table structure for xxl_job_qrtz_calendars
-- ----------------------------
DROP TABLE IF EXISTS `xxl_job_qrtz_calendars`;
CREATE TABLE `xxl_job_qrtz_calendars`  (
  `sched_name` varchar(120) CHARACTER SET utf8 COLLATE utf8_general_ci NOT NULL,
  `calendar_name` varchar(200) CHARACTER SET utf8 COLLATE utf8_general_ci NOT NULL,
  `calendar` blob NOT NULL,
  PRIMARY KEY (`sched_name`, `calendar_name`) USING BTREE
) ENGINE = InnoDB CHARACTER SET = utf8 COLLATE = utf8_general_ci ROW_FORMAT = Compact;

-- ----------------------------
-- Table structure for xxl_job_qrtz_cron_triggers
-- ----------------------------
DROP TABLE IF EXISTS `xxl_job_qrtz_cron_triggers`;
CREATE TABLE `xxl_job_qrtz_cron_triggers`  (
  `sched_name` varchar(120) CHARACTER SET utf8 COLLATE utf8_general_ci NOT NULL,
  `trigger_name` varchar(200) CHARACTER SET utf8 COLLATE utf8_general_ci NOT NULL,
  `trigger_group` varchar(200) CHARACTER SET utf8 COLLATE utf8_general_ci NOT NULL,
  `cron_expression` varchar(200) CHARACTER SET utf8 COLLATE utf8_general_ci NOT NULL,
  `time_zone_id` varchar(80) CHARACTER SET utf8 COLLATE utf8_general_ci NULL DEFAULT NULL,
  PRIMARY KEY (`sched_name`, `trigger_name`, `trigger_group`) USING BTREE,
  CONSTRAINT `xxl_job_qrtz_cron_triggers_ibfk_1` FOREIGN KEY (`sched_name`, `trigger_name`, `trigger_group`) REFERENCES `xxl_job_qrtz_triggers` (`sched_name`, `trigger_name`, `trigger_group`) ON DELETE RESTRICT ON UPDATE RESTRICT
) ENGINE = InnoDB CHARACTER SET = utf8 COLLATE = utf8_general_ci ROW_FORMAT = Compact;

-- ----------------------------
-- Records of xxl_job_qrtz_cron_triggers
-- ----------------------------
INSERT INTO `xxl_job_qrtz_cron_triggers` VALUES ('quartzScheduler', '3', '1', '1 1 1 * * ? *', 'Asia/Shanghai');
INSERT INTO `xxl_job_qrtz_cron_triggers` VALUES ('quartzScheduler', '4', '1', '1 1 1 * * ? *', 'Asia/Shanghai');
INSERT INTO `xxl_job_qrtz_cron_triggers` VALUES ('scheduler', '5', '1', '*/5 * * * * ?', 'GMT+08:00');
INSERT INTO `xxl_job_qrtz_cron_triggers` VALUES ('scheduler', '6', '1', '*/5 * * * * ?', 'GMT+08:00');

-- ----------------------------
-- Table structure for xxl_job_qrtz_fired_triggers
-- ----------------------------
DROP TABLE IF EXISTS `xxl_job_qrtz_fired_triggers`;
CREATE TABLE `xxl_job_qrtz_fired_triggers`  (
  `sched_name` varchar(120) CHARACTER SET utf8 COLLATE utf8_general_ci NOT NULL,
  `entry_id` varchar(95) CHARACTER SET utf8 COLLATE utf8_general_ci NOT NULL,
  `trigger_name` varchar(200) CHARACTER SET utf8 COLLATE utf8_general_ci NOT NULL,
  `trigger_group` varchar(200) CHARACTER SET utf8 COLLATE utf8_general_ci NOT NULL,
  `instance_name` varchar(200) CHARACTER SET utf8 COLLATE utf8_general_ci NOT NULL,
  `fired_time` bigint(13) NOT NULL,
  `sched_time` bigint(13) NOT NULL,
  `priority` int(11) NOT NULL,
  `state` varchar(16) CHARACTER SET utf8 COLLATE utf8_general_ci NOT NULL,
  `job_name` varchar(200) CHARACTER SET utf8 COLLATE utf8_general_ci NULL DEFAULT NULL,
  `job_group` varchar(200) CHARACTER SET utf8 COLLATE utf8_general_ci NULL DEFAULT NULL,
  `is_nonconcurrent` varchar(1) CHARACTER SET utf8 COLLATE utf8_general_ci NULL DEFAULT NULL,
  `requests_recovery` varchar(1) CHARACTER SET utf8 COLLATE utf8_general_ci NULL DEFAULT NULL,
  PRIMARY KEY (`sched_name`, `entry_id`) USING BTREE
) ENGINE = InnoDB CHARACTER SET = utf8 COLLATE = utf8_general_ci ROW_FORMAT = Compact;

-- ----------------------------
-- Table structure for xxl_job_qrtz_job_details
-- ----------------------------
DROP TABLE IF EXISTS `xxl_job_qrtz_job_details`;
CREATE TABLE `xxl_job_qrtz_job_details`  (
  `sched_name` varchar(120) CHARACTER SET utf8 COLLATE utf8_general_ci NOT NULL,
  `job_name` varchar(200) CHARACTER SET utf8 COLLATE utf8_general_ci NOT NULL,
  `job_group` varchar(200) CHARACTER SET utf8 COLLATE utf8_general_ci NOT NULL,
  `description` varchar(250) CHARACTER SET utf8 COLLATE utf8_general_ci NULL DEFAULT NULL,
  `job_class_name` varchar(250) CHARACTER SET utf8 COLLATE utf8_general_ci NOT NULL,
  `is_durable` varchar(1) CHARACTER SET utf8 COLLATE utf8_general_ci NOT NULL,
  `is_nonconcurrent` varchar(1) CHARACTER SET utf8 COLLATE utf8_general_ci NOT NULL,
  `is_update_data` varchar(1) CHARACTER SET utf8 COLLATE utf8_general_ci NOT NULL,
  `requests_recovery` varchar(1) CHARACTER SET utf8 COLLATE utf8_general_ci NOT NULL,
  `job_data` blob NULL,
  PRIMARY KEY (`sched_name`, `job_name`, `job_group`) USING BTREE
) ENGINE = InnoDB CHARACTER SET = utf8 COLLATE = utf8_general_ci ROW_FORMAT = Compact;

-- ----------------------------
-- Records of xxl_job_qrtz_job_details
-- ----------------------------
INSERT INTO `xxl_job_qrtz_job_details` VALUES ('quartzScheduler', '3', '1', NULL, 'com.open.capacity.core.jobbean.RemoteHttpJobBean', '0', '0', '0', '0', 0xACED0005737200156F72672E71756172747A2E4A6F62446174614D61709FB083E8BFA9B0CB020000787200266F72672E71756172747A2E7574696C732E537472696E674B65794469727479466C61674D61708208E8C3FBC55D280200015A0013616C6C6F77735472616E7369656E74446174617872001D6F72672E71756172747A2E7574696C732E4469727479466C61674D617013E62EAD28760ACE0200025A000564697274794C00036D617074000F4C6A6176612F7574696C2F4D61703B787000737200116A6176612E7574696C2E486173684D61700507DAC1C31660D103000246000A6C6F6164466163746F724900097468726573686F6C6478703F40000000000010770800000010000000007800);
INSERT INTO `xxl_job_qrtz_job_details` VALUES ('quartzScheduler', '4', '1', NULL, 'com.open.capacity.core.jobbean.RemoteHttpJobBean', '0', '0', '0', '0', 0xACED0005737200156F72672E71756172747A2E4A6F62446174614D61709FB083E8BFA9B0CB020000787200266F72672E71756172747A2E7574696C732E537472696E674B65794469727479466C61674D61708208E8C3FBC55D280200015A0013616C6C6F77735472616E7369656E74446174617872001D6F72672E71756172747A2E7574696C732E4469727479466C61674D617013E62EAD28760ACE0200025A000564697274794C00036D617074000F4C6A6176612F7574696C2F4D61703B787000737200116A6176612E7574696C2E486173684D61700507DAC1C31660D103000246000A6C6F6164466163746F724900097468726573686F6C6478703F40000000000010770800000010000000007800);
INSERT INTO `xxl_job_qrtz_job_details` VALUES ('scheduler', '5', '1', NULL, 'com.xxl.job.admin.core.jobbean.RemoteHttpJobBean', '0', '0', '0', '0', 0xACED0005737200156F72672E71756172747A2E4A6F62446174614D61709FB083E8BFA9B0CB020000787200266F72672E71756172747A2E7574696C732E537472696E674B65794469727479466C61674D61708208E8C3FBC55D280200015A0013616C6C6F77735472616E7369656E74446174617872001D6F72672E71756172747A2E7574696C732E4469727479466C61674D617013E62EAD28760ACE0200025A000564697274794C00036D617074000F4C6A6176612F7574696C2F4D61703B787000737200116A6176612E7574696C2E486173684D61700507DAC1C31660D103000246000A6C6F6164466163746F724900097468726573686F6C6478703F40000000000010770800000010000000007800);
INSERT INTO `xxl_job_qrtz_job_details` VALUES ('scheduler', '6', '1', NULL, 'com.xxl.job.admin.core.jobbean.RemoteHttpJobBean', '0', '0', '0', '0', 0xACED0005737200156F72672E71756172747A2E4A6F62446174614D61709FB083E8BFA9B0CB020000787200266F72672E71756172747A2E7574696C732E537472696E674B65794469727479466C61674D61708208E8C3FBC55D280200015A0013616C6C6F77735472616E7369656E74446174617872001D6F72672E71756172747A2E7574696C732E4469727479466C61674D617013E62EAD28760ACE0200025A000564697274794C00036D617074000F4C6A6176612F7574696C2F4D61703B787000737200116A6176612E7574696C2E486173684D61700507DAC1C31660D103000246000A6C6F6164466163746F724900097468726573686F6C6478703F40000000000010770800000010000000007800);

-- ----------------------------
-- Table structure for xxl_job_qrtz_locks
-- ----------------------------
DROP TABLE IF EXISTS `xxl_job_qrtz_locks`;
CREATE TABLE `xxl_job_qrtz_locks`  (
  `sched_name` varchar(120) CHARACTER SET utf8 COLLATE utf8_general_ci NOT NULL,
  `lock_name` varchar(40) CHARACTER SET utf8 COLLATE utf8_general_ci NOT NULL,
  PRIMARY KEY (`sched_name`, `lock_name`) USING BTREE
) ENGINE = InnoDB CHARACTER SET = utf8 COLLATE = utf8_general_ci ROW_FORMAT = Compact;

-- ----------------------------
-- Records of xxl_job_qrtz_locks
-- ----------------------------
INSERT INTO `xxl_job_qrtz_locks` VALUES ('quartzScheduler', 'STATE_ACCESS');
INSERT INTO `xxl_job_qrtz_locks` VALUES ('quartzScheduler', 'TRIGGER_ACCESS');
INSERT INTO `xxl_job_qrtz_locks` VALUES ('scheduler', 'STATE_ACCESS');
INSERT INTO `xxl_job_qrtz_locks` VALUES ('scheduler', 'TRIGGER_ACCESS');
INSERT INTO `xxl_job_qrtz_locks` VALUES ('schedulerFactoryBean', 'STATE_ACCESS');
INSERT INTO `xxl_job_qrtz_locks` VALUES ('schedulerFactoryBean', 'TRIGGER_ACCESS');

-- ----------------------------
-- Table structure for xxl_job_qrtz_paused_trigger_grps
-- ----------------------------
DROP TABLE IF EXISTS `xxl_job_qrtz_paused_trigger_grps`;
CREATE TABLE `xxl_job_qrtz_paused_trigger_grps`  (
  `sched_name` varchar(120) CHARACTER SET utf8 COLLATE utf8_general_ci NOT NULL,
  `trigger_group` varchar(200) CHARACTER SET utf8 COLLATE utf8_general_ci NOT NULL,
  PRIMARY KEY (`sched_name`, `trigger_group`) USING BTREE
) ENGINE = InnoDB CHARACTER SET = utf8 COLLATE = utf8_general_ci ROW_FORMAT = Compact;

-- ----------------------------
-- Table structure for xxl_job_qrtz_scheduler_state
-- ----------------------------
DROP TABLE IF EXISTS `xxl_job_qrtz_scheduler_state`;
CREATE TABLE `xxl_job_qrtz_scheduler_state`  (
  `sched_name` varchar(120) CHARACTER SET utf8 COLLATE utf8_general_ci NOT NULL,
  `instance_name` varchar(200) CHARACTER SET utf8 COLLATE utf8_general_ci NOT NULL,
  `last_checkin_time` bigint(13) NOT NULL,
  `checkin_interval` bigint(13) NOT NULL,
  PRIMARY KEY (`sched_name`, `instance_name`) USING BTREE
) ENGINE = InnoDB CHARACTER SET = utf8 COLLATE = utf8_general_ci ROW_FORMAT = Compact;

-- ----------------------------
-- Records of xxl_job_qrtz_scheduler_state
-- ----------------------------
INSERT INTO `xxl_job_qrtz_scheduler_state` VALUES ('quartzScheduler', 'USERCHI-E29PEDA1525876570951', 1525876886761, 5000);
INSERT INTO `xxl_job_qrtz_scheduler_state` VALUES ('scheduler', 'LAPTOP-H9ISJCLQ1603435145624', 1603440367664, 5000);
INSERT INTO `xxl_job_qrtz_scheduler_state` VALUES ('schedulerFactoryBean', 'owen1526306081109', 1526306155345, 5000);

-- ----------------------------
-- Table structure for xxl_job_qrtz_simple_triggers
-- ----------------------------
DROP TABLE IF EXISTS `xxl_job_qrtz_simple_triggers`;
CREATE TABLE `xxl_job_qrtz_simple_triggers`  (
  `sched_name` varchar(120) CHARACTER SET utf8 COLLATE utf8_general_ci NOT NULL,
  `trigger_name` varchar(200) CHARACTER SET utf8 COLLATE utf8_general_ci NOT NULL,
  `trigger_group` varchar(200) CHARACTER SET utf8 COLLATE utf8_general_ci NOT NULL,
  `repeat_count` bigint(7) NOT NULL,
  `repeat_interval` bigint(12) NOT NULL,
  `times_triggered` bigint(10) NOT NULL,
  PRIMARY KEY (`sched_name`, `trigger_name`, `trigger_group`) USING BTREE,
  CONSTRAINT `xxl_job_qrtz_simple_triggers_ibfk_1` FOREIGN KEY (`sched_name`, `trigger_name`, `trigger_group`) REFERENCES `xxl_job_qrtz_triggers` (`sched_name`, `trigger_name`, `trigger_group`) ON DELETE RESTRICT ON UPDATE RESTRICT
) ENGINE = InnoDB CHARACTER SET = utf8 COLLATE = utf8_general_ci ROW_FORMAT = Compact;

-- ----------------------------
-- Table structure for xxl_job_qrtz_simprop_triggers
-- ----------------------------
DROP TABLE IF EXISTS `xxl_job_qrtz_simprop_triggers`;
CREATE TABLE `xxl_job_qrtz_simprop_triggers`  (
  `sched_name` varchar(120) CHARACTER SET utf8 COLLATE utf8_general_ci NOT NULL,
  `trigger_name` varchar(200) CHARACTER SET utf8 COLLATE utf8_general_ci NOT NULL,
  `trigger_group` varchar(200) CHARACTER SET utf8 COLLATE utf8_general_ci NOT NULL,
  `str_prop_1` varchar(512) CHARACTER SET utf8 COLLATE utf8_general_ci NULL DEFAULT NULL,
  `str_prop_2` varchar(512) CHARACTER SET utf8 COLLATE utf8_general_ci NULL DEFAULT NULL,
  `str_prop_3` varchar(512) CHARACTER SET utf8 COLLATE utf8_general_ci NULL DEFAULT NULL,
  `int_prop_1` int(11) NULL DEFAULT NULL,
  `int_prop_2` int(11) NULL DEFAULT NULL,
  `long_prop_1` bigint(20) NULL DEFAULT NULL,
  `long_prop_2` bigint(20) NULL DEFAULT NULL,
  `dec_prop_1` decimal(13, 4) NULL DEFAULT NULL,
  `dec_prop_2` decimal(13, 4) NULL DEFAULT NULL,
  `bool_prop_1` varchar(1) CHARACTER SET utf8 COLLATE utf8_general_ci NULL DEFAULT NULL,
  `bool_prop_2` varchar(1) CHARACTER SET utf8 COLLATE utf8_general_ci NULL DEFAULT NULL,
  PRIMARY KEY (`sched_name`, `trigger_name`, `trigger_group`) USING BTREE,
  CONSTRAINT `xxl_job_qrtz_simprop_triggers_ibfk_1` FOREIGN KEY (`sched_name`, `trigger_name`, `trigger_group`) REFERENCES `xxl_job_qrtz_triggers` (`sched_name`, `trigger_name`, `trigger_group`) ON DELETE RESTRICT ON UPDATE RESTRICT
) ENGINE = InnoDB CHARACTER SET = utf8 COLLATE = utf8_general_ci ROW_FORMAT = Compact;

-- ----------------------------
-- Table structure for xxl_job_qrtz_trigger_group
-- ----------------------------
DROP TABLE IF EXISTS `xxl_job_qrtz_trigger_group`;
CREATE TABLE `xxl_job_qrtz_trigger_group`  (
  `id` int(11) NOT NULL AUTO_INCREMENT,
  `app_name` varchar(64) CHARACTER SET utf8 COLLATE utf8_general_ci NOT NULL COMMENT '执行器AppName',
  `title` varchar(12) CHARACTER SET utf8 COLLATE utf8_general_ci NOT NULL COMMENT '执行器名称',
  `order` tinyint(4) NOT NULL DEFAULT 0 COMMENT '排序',
  `address_type` tinyint(4) NOT NULL DEFAULT 0 COMMENT '执行器地址类型：0=自动注册、1=手动录入',
  `address_list` varchar(512) CHARACTER SET utf8 COLLATE utf8_general_ci NULL DEFAULT NULL COMMENT '执行器地址列表，多地址逗号分隔',
  PRIMARY KEY (`id`) USING BTREE
) ENGINE = InnoDB AUTO_INCREMENT = 2 CHARACTER SET = utf8 COLLATE = utf8_general_ci ROW_FORMAT = Compact;

-- ----------------------------
-- Records of xxl_job_qrtz_trigger_group
-- ----------------------------
INSERT INTO `xxl_job_qrtz_trigger_group` VALUES (1, 'open-xxl-job-demo', '示例执行器', 1, 0, '192.168.0.187:9999');

-- ----------------------------
-- Table structure for xxl_job_qrtz_trigger_info
-- ----------------------------
DROP TABLE IF EXISTS `xxl_job_qrtz_trigger_info`;
CREATE TABLE `xxl_job_qrtz_trigger_info`  (
  `id` int(11) NOT NULL AUTO_INCREMENT,
  `job_group` int(11) NOT NULL COMMENT '执行器主键ID',
  `job_cron` varchar(128) CHARACTER SET utf8 COLLATE utf8_general_ci NOT NULL COMMENT '任务执行CRON',
  `job_desc` varchar(255) CHARACTER SET utf8 COLLATE utf8_general_ci NOT NULL,
  `add_time` datetime NULL DEFAULT NULL,
  `update_time` datetime NULL DEFAULT NULL,
  `author` varchar(64) CHARACTER SET utf8 COLLATE utf8_general_ci NULL DEFAULT NULL COMMENT '作者',
  `alarm_email` varchar(255) CHARACTER SET utf8 COLLATE utf8_general_ci NULL DEFAULT NULL COMMENT '报警邮件',
  `executor_route_strategy` varchar(50) CHARACTER SET utf8 COLLATE utf8_general_ci NULL DEFAULT NULL COMMENT '执行器路由策略',
  `executor_handler` varchar(255) CHARACTER SET utf8 COLLATE utf8_general_ci NULL DEFAULT NULL COMMENT '执行器任务handler',
  `executor_param` varchar(512) CHARACTER SET utf8 COLLATE utf8_general_ci NULL DEFAULT NULL COMMENT '执行器任务参数',
  `executor_block_strategy` varchar(50) CHARACTER SET utf8 COLLATE utf8_general_ci NULL DEFAULT NULL COMMENT '阻塞处理策略',
  `executor_fail_strategy` varchar(50) CHARACTER SET utf8 COLLATE utf8_general_ci NULL DEFAULT NULL COMMENT '失败处理策略',
  `glue_type` varchar(50) CHARACTER SET utf8 COLLATE utf8_general_ci NOT NULL COMMENT 'GLUE类型',
  `glue_source` text CHARACTER SET utf8 COLLATE utf8_general_ci NULL COMMENT 'GLUE源代码',
  `glue_remark` varchar(128) CHARACTER SET utf8 COLLATE utf8_general_ci NULL DEFAULT NULL COMMENT 'GLUE备注',
  `glue_updatetime` datetime NULL DEFAULT NULL COMMENT 'GLUE更新时间',
  `child_jobid` varchar(255) CHARACTER SET utf8 COLLATE utf8_general_ci NULL DEFAULT NULL COMMENT '子任务ID，多个逗号分隔',
  PRIMARY KEY (`id`) USING BTREE
) ENGINE = InnoDB AUTO_INCREMENT = 7 CHARACTER SET = utf8 COLLATE = utf8_general_ci ROW_FORMAT = Compact;

-- ----------------------------
-- Records of xxl_job_qrtz_trigger_info
-- ----------------------------
INSERT INTO `xxl_job_qrtz_trigger_info` VALUES (5, 1, '*/5 * * * * ?', '有参任务', '2018-05-12 06:30:38', '2018-05-12 06:30:38', 'merlin', '624191343@qq.com', 'FIRST', 'demoJobHandler', 'demoJobHandler', 'SERIAL_EXECUTION', 'FAIL_ALARM', 'BEAN', '', 'GLUE代码初始化', '2018-05-12 06:30:38', NULL);
INSERT INTO `xxl_job_qrtz_trigger_info` VALUES (6, 1, '*/5 * * * * ?', '无参任务', '2018-05-12 06:32:16', '2018-05-12 06:32:16', 'merlin', '624191343@qq.com', 'FIRST', 'demoJobHandler', '', 'SERIAL_EXECUTION', 'FAIL_ALARM', 'BEAN', '', 'GLUE代码初始化', '2018-05-12 06:32:16', NULL);

-- ----------------------------
-- Table structure for xxl_job_qrtz_trigger_log
-- ----------------------------
DROP TABLE IF EXISTS `xxl_job_qrtz_trigger_log`;
CREATE TABLE `xxl_job_qrtz_trigger_log`  (
  `id` int(11) NOT NULL AUTO_INCREMENT,
  `job_group` int(11) NOT NULL COMMENT '执行器主键ID',
  `job_id` int(11) NOT NULL COMMENT '任务，主键ID',
  `glue_type` varchar(50) CHARACTER SET utf8 COLLATE utf8_general_ci NULL DEFAULT NULL COMMENT 'GLUE类型',
  `executor_address` varchar(255) CHARACTER SET utf8 COLLATE utf8_general_ci NULL DEFAULT NULL COMMENT '执行器地址，本次执行的地址',
  `executor_handler` varchar(255) CHARACTER SET utf8 COLLATE utf8_general_ci NULL DEFAULT NULL COMMENT '执行器任务handler',
  `executor_param` varchar(512) CHARACTER SET utf8 COLLATE utf8_general_ci NULL DEFAULT NULL COMMENT '执行器任务参数',
  `trigger_time` datetime NULL DEFAULT NULL COMMENT '调度-时间',
  `trigger_code` int(11) NOT NULL COMMENT '调度-结果',
  `trigger_msg` varchar(2048) CHARACTER SET utf8 COLLATE utf8_general_ci NULL DEFAULT NULL COMMENT '调度-日志',
  `handle_time` datetime NULL DEFAULT NULL COMMENT '执行-时间',
  `handle_code` int(11) NOT NULL COMMENT '执行-状态',
  `handle_msg` varchar(2048) CHARACTER SET utf8 COLLATE utf8_general_ci NULL DEFAULT NULL COMMENT '执行-日志',
  PRIMARY KEY (`id`) USING BTREE
) ENGINE = InnoDB AUTO_INCREMENT = 1 CHARACTER SET = utf8 COLLATE = utf8_general_ci ROW_FORMAT = Compact;

-- ----------------------------
-- Table structure for xxl_job_qrtz_trigger_logglue
-- ----------------------------
DROP TABLE IF EXISTS `xxl_job_qrtz_trigger_logglue`;
CREATE TABLE `xxl_job_qrtz_trigger_logglue`  (
  `id` int(11) NOT NULL AUTO_INCREMENT,
  `job_id` int(11) NOT NULL COMMENT '任务，主键ID',
  `glue_type` varchar(50) CHARACTER SET utf8 COLLATE utf8_general_ci NULL DEFAULT NULL COMMENT 'GLUE类型',
  `glue_source` text CHARACTER SET utf8 COLLATE utf8_general_ci NULL COMMENT 'GLUE源代码',
  `glue_remark` varchar(128) CHARACTER SET utf8 COLLATE utf8_general_ci NOT NULL COMMENT 'GLUE备注',
  `add_time` timestamp NULL DEFAULT NULL,
  `update_time` timestamp NULL DEFAULT NULL ON UPDATE CURRENT_TIMESTAMP,
  PRIMARY KEY (`id`) USING BTREE
) ENGINE = InnoDB AUTO_INCREMENT = 1 CHARACTER SET = utf8 COLLATE = utf8_general_ci ROW_FORMAT = Compact;

-- ----------------------------
-- Table structure for xxl_job_qrtz_trigger_registry
-- ----------------------------
DROP TABLE IF EXISTS `xxl_job_qrtz_trigger_registry`;
CREATE TABLE `xxl_job_qrtz_trigger_registry`  (
  `id` int(11) NOT NULL AUTO_INCREMENT,
  `registry_group` varchar(255) CHARACTER SET utf8 COLLATE utf8_general_ci NOT NULL,
  `registry_key` varchar(255) CHARACTER SET utf8 COLLATE utf8_general_ci NOT NULL,
  `registry_value` varchar(255) CHARACTER SET utf8 COLLATE utf8_general_ci NOT NULL,
  `update_time` timestamp NOT NULL DEFAULT CURRENT_TIMESTAMP,
  PRIMARY KEY (`id`) USING BTREE
) ENGINE = InnoDB AUTO_INCREMENT = 9 CHARACTER SET = utf8 COLLATE = utf8_general_ci ROW_FORMAT = Compact;

-- ----------------------------
-- Records of xxl_job_qrtz_trigger_registry
-- ----------------------------
INSERT INTO `xxl_job_qrtz_trigger_registry` VALUES (8, 'EXECUTOR', 'open-xxl-job-demo', '192.168.0.187:9999', '2020-10-23 16:06:06');

-- ----------------------------
-- Table structure for xxl_job_qrtz_triggers
-- ----------------------------
DROP TABLE IF EXISTS `xxl_job_qrtz_triggers`;
CREATE TABLE `xxl_job_qrtz_triggers`  (
  `sched_name` varchar(120) CHARACTER SET utf8 COLLATE utf8_general_ci NOT NULL,
  `trigger_name` varchar(200) CHARACTER SET utf8 COLLATE utf8_general_ci NOT NULL,
  `trigger_group` varchar(200) CHARACTER SET utf8 COLLATE utf8_general_ci NOT NULL,
  `job_name` varchar(200) CHARACTER SET utf8 COLLATE utf8_general_ci NOT NULL,
  `job_group` varchar(200) CHARACTER SET utf8 COLLATE utf8_general_ci NOT NULL,
  `description` varchar(250) CHARACTER SET utf8 COLLATE utf8_general_ci NULL DEFAULT NULL,
  `next_fire_time` bigint(13) NULL DEFAULT NULL,
  `prev_fire_time` bigint(13) NULL DEFAULT NULL,
  `priority` int(11) NULL DEFAULT NULL,
  `trigger_state` varchar(16) CHARACTER SET utf8 COLLATE utf8_general_ci NOT NULL,
  `trigger_type` varchar(8) CHARACTER SET utf8 COLLATE utf8_general_ci NOT NULL,
  `start_time` bigint(13) NOT NULL,
  `end_time` bigint(13) NULL DEFAULT NULL,
  `calendar_name` varchar(200) CHARACTER SET utf8 COLLATE utf8_general_ci NULL DEFAULT NULL,
  `misfire_instr` smallint(2) NULL DEFAULT NULL,
  `job_data` blob NULL,
  PRIMARY KEY (`sched_name`, `trigger_name`, `trigger_group`) USING BTREE,
  INDEX `sched_name`(`sched_name`, `job_name`, `job_group`) USING BTREE,
  CONSTRAINT `xxl_job_qrtz_triggers_ibfk_1` FOREIGN KEY (`sched_name`, `job_name`, `job_group`) REFERENCES `xxl_job_qrtz_job_details` (`sched_name`, `job_name`, `job_group`) ON DELETE RESTRICT ON UPDATE RESTRICT
) ENGINE = InnoDB CHARACTER SET = utf8 COLLATE = utf8_general_ci ROW_FORMAT = Compact;

-- ----------------------------
-- Records of xxl_job_qrtz_triggers
-- ----------------------------
INSERT INTO `xxl_job_qrtz_triggers` VALUES ('quartzScheduler', '3', '1', '3', '1', NULL, 1525885261000, -1, 5, 'PAUSED', 'CRON', 1525876730000, 0, NULL, 2, '');
INSERT INTO `xxl_job_qrtz_triggers` VALUES ('quartzScheduler', '4', '1', '4', '1', NULL, 1525885261000, -1, 5, 'PAUSED', 'CRON', 1525876778000, 0, NULL, 2, '');
INSERT INTO `xxl_job_qrtz_triggers` VALUES ('scheduler', '5', '1', '5', '1', NULL, 1603433805000, 1603433800000, 5, 'PAUSED', 'CRON', 1526305882000, 0, NULL, 2, '');
INSERT INTO `xxl_job_qrtz_triggers` VALUES ('scheduler', '6', '1', '6', '1', NULL, 1603434845000, 1603434840000, 5, 'PAUSED', 'CRON', 1526305980000, 0, NULL, 2, '');

SET FOREIGN_KEY_CHECKS = 1;
